{"ModuleName":"Decisions.Zitac","IsIdentityProvider":null,"ModuleDependencies":[{"ModuleName":"Decisions.AWS","AutoInstall":true,"Version":null}],"Version":"9.6.0","RequiresLicense":false,"Description":"Custom steps made by Zitac Consulting to use AWS resources","CompiledOnDate":"2025-01-10T14:09:02.3345884+01:00","CompiledOnServer":"kenny-Legion-5-Pro-16ACH6H","ImagePath":"modules_logo_aws.svg","Installed":false,"InstalledVersion":null,"HideInFeaturesList":null,"IsGithubModule":false,"IsCustomModule":false}