{"ModuleName":"Decisions.Zitac","IsIdentityProvider":null,"ModuleDependencies":[{"ModuleName":"Decisions.AWS","AutoInstall":true,"Version":null}],"Version":"9.8.0","RequiresLicense":false,"Description":"Custom steps made by Zitac Consulting to use AWS resources","CompiledOnDate":"2025-03-17T11:41:01.7971099+01:00","CompiledOnServer":"kenny-Legion-5-Pro-16ACH6H","ImagePath":"modules_logo_aws.svg","Installed":false,"InstalledVersion":null,"HideInFeaturesList":null,"IsGithubModule":false,"IsCustomModule":false}